comparison,t_mjd,r,dG,yhat_r
Yb_vs_Sr,59000.0,2.1e-18,0.0009263633256650001,2.5555555555555763e-19
Yb_vs_Sr,59010.0,-1.5e-18,0.000939289325558,1.0111111111111107e-18
Yb_vs_Sr,59020.0,1.8e-18,0.000926363325665,2.555555555555513e-19
Al_vs_Yb,59005.0,-2.2e-18,0.0009048199925100001,-1.0037037037037058e-18
Al_vs_Yb,59015.0,1.1e-18,0.0009306719922960001,5.074074074074128e-19
Al_vs_Yb,59025.0,-9e-19,0.0009112829924565001,-6.259259259259262e-19
