pulsar,distance_kpc,rms_residual_us,x_distance_Fk,yhat_rms
J0030+0451,0.3,0.1019803902718557,0.15,0.24857720128764813
J1713+0747,1.1,0.05099019513592785,0.55,-0.006373774391990938
