lens_id,pair_id,z_lens,z_src,ra_deg,dec_deg,residual_R,yhat_R,G_proxy,F_kappa,G_raw,rad_map,kappa_ext
B1608+656,0,0.63,1.394,242.275,65.706,0.009615384615384638,-0.049277894709263644,0.13411044086115426,3.6e-22,0.13411044086115426,1.0821027755737305,0.036
B1608+656,1,0.63,1.394,242.275,65.706,0.00558659217877103,-0.049277894709263644,0.13411044086115426,3.6e-22,0.13411044086115426,1.0821027755737305,0.036
B1608+656,2,0.63,1.394,242.275,65.706,0.006535947712418301,-0.049277894709263644,0.13411044086115426,3.6e-22,0.13411044086115426,1.0821027755737305,0.036
RXJ1131-1231,0,0.295,0.654,172.958,-12.532,0.007751937984496156,0.11614806055454331,1.8836547747695784,1.2e-22,1.8836547747695784,15.19872760772705,0.012
HE0435-1223,0,0.454,1.693,69.676,-12.381,0.025641025641025664,0.03259519915762365,1.0,2.5000000000000002e-22,1.0,8.068743705749512,0.025
HE0435-1223,1,0.454,1.693,69.676,-12.381,0.050000000000000044,0.03259519915762365,1.0,2.5000000000000002e-22,1.0,8.068743705749512,0.025
HE0435-1223,2,0.454,1.693,69.676,-12.381,0.014084507042253596,0.03259519915762365,1.0,2.5000000000000002e-22,1.0,8.068743705749512,0.025
