pulsar,distance_kpc,rms_residual_us,x_distance_Fk,yhat_rms,G_proxy,G_raw
J0030+0451,0.3,0.12,0.03,0.006586218326858767,3.1601435391033665,3.1601435391033665
J0613-0200,1.2,0.85,0.6,0.16453810339479139,3.020579288382001,3.020579288382001
J1713+0747,1.1,0.065,0.11000000000000001,0.028754903950428262,1.5881577521268653,1.5881577521268653
J1909-3744,1.5,0.055,0.15000000000000002,0.03983924676221301,0.5378378669070883,0.5378378669070883
